<?xml version="1.0" encoding="UTF-8"?>
<c3p0-config>
	<!-- 这是默认配置信息 -->
	<default-config>
		<!-- 连接四大参数配置 -->
		<property name="jdbcUrl">jdbc:mysql://129.204.4.161:3306/Grasshopper_db?characterEncoding=utf-8</property>
		<property name="driverClass">com.mysql.jdbc.Driver</property>
		<property name="user">sa</property>
		<property name="password">j2WSHLrNmFPKbyzX</property>
		<!-- 池参数配置 -->
		<property name="acquireIncrement">3</property>
		<property name="initialPoolSize">10</property>
		<property name="minPoolSize">2</property>
		<property name="maxPoolSize">10</property>
	</default-config>
	

</c3p0-config>
